CREATE DATABASE DATA;

USE DATA;

CREATE TABLE CUSTOMER(
     CUSTOMER_ID INT PRIMARY KEY,
     NAME VARCHAR(15) NOT NULL,
     EMAIL VARCHAR(15) UNIQUE NOT NULL,
     ADDRESS VARCHAR(50) NOT NULL
	 );
 
 #INSERT INTO AT LEAST 5 SAMPLE CUSTOMERS INTO THE TABLE
INSERT INTO CUSTOMER (CUSTOMER_ID,NAME,EMAIL,ADDRESS) VALUES
(1,'ARYAN','aryan@gmail.com','AT:NANDOTRA,PALANPUR'),
(2,'NAKSH','naksh@gmail.com','AT:VADGAM,PALANPUR'),
(3,'JAY','jay@gmail.com','AT:NANOSANA,PALANPUR'),
(4,'RONAK','ronak@gmail.com','AT:GIDASAN,PALANPUR'),
(5,'PARTH','parth@gmail.com','AT:RANUJ,PATAN');   

#RETRIEVE ALL CUSTOMER DETAILS
SELECT * FROM CUSTOMER;

#UPDATE A CUSTOMER'S ADDRESS
UPDATE CUSTOMER SET ADDRESS='SURAT'
WHERE CUSTOMER_ID=3;

#DELETE A CUSTOMER USING THEIR CUSTOMER_ID
DELETE FROM CUSTOMER WHERE CUSTOMER_ID=4;

#DISPLAY ALL CUSTOMERS WHOSE NAME IS 'ARYAN'
SELECT * FROM CUSTOMER
WHERE NAME='ARYAN';



#ORDERS TABLE
CREATE TABLE ORDER_TABLE(
     ORDER_ID INT PRIMARY KEY,
     CUSTOMER_ID INT ,
     ORDER_DATE DATE,
     TOTAL_AMOUNT INT
     );

#INSERT AT LEAST 5 SAMPLE ORDERS INTO THE ORDER TABLE
INSERT INTO ORDER_TABLE (ORDER_ID, CUSTOMER_ID, ORDER_DATE, TOTAL_AMOUNT) VALUES
(101, 1, '2026-01-10', 500),
(102, 2, '2026-01-12', 1200),
(103, 3, '2026-03-25', 750),
(104, 1, '2026-01-20', 300),
(105, 4, '2026-01-22', 2500);

#RETRIEVE ALL ORDER MADE BY A SPECIFIC CUSTOMER
SELECT CUSTOMER_ID FROM ORDER_TABLE;

#UPDATE AN ORDER TOTAL AMOUNT
UPDATE ORDER_TABLE SET TOTAL_AMOUNT=500 WHERE ORDER_ID='104';

#DELETE AN ORDER USING ITS ORDER_ID
DELETE FROM ORDER_TABLE WHERE ORDER_ID=105; 

#RETRIEVE ORDERS PLACED IN THE LAST 30 DAYS.
SELECT * FROM ORDER_TABLE 
WHERE ORDER_DATE >= '2026-03-21';

#RETRIEVE THE HIGHEST AMOUNT USING
SELECT MAX(TOTAL_AMOUNT) AS HIGHEST_AMOUNT FROM ORDER_TABLE;

#RETRIEVE THE LOWEST AMOUNT USING
SELECT MIN(TOTAL_AMOUNT) AS LOWEST_AMOUNT FROM ORDER_TABLE;
 
#RETRIEVE THE AVERAGE AMOUNT USING 
SELECT AVG(TOTAL_AMOUNT) AS AVERAGE_AMOUNT FROM ORDER_TABLE;



#PRODUCT TABLE 
CREATE TABLE PRODUCT(
   PRODUCT_ID INT PRIMARY KEY,
   PRODUCT_NAME VARCHAR(15),
   PRICE INT,
   STOCK INT );

#INSERT AT LEAST 5 SAMPLE PRODUCT INTO THE PRODUCT TABLE
INSERT INTO PRODUCT (PRODUCT_ID, PRODUCT_NAME, PRICE, STOCK) VALUES
(1, 'Laptop', 55000, 10),
(2, 'Mouse', 500, 50),
(3, 'Keyboard', 1200, 30),
(4, 'Monitor', 8500, 15),
(5, 'Printer', 15000, 0);

#RETRIEVE ALL PRODUCT SORTED BY PRICE IN DESCENDING ORDER
SELECT * FROM PRODUCT ORDER BY PRICE DESC ;

#UPDATE THE PRICE OF A SPECIFIC PRODUCT
UPDATE PRODUCT SET PRICE=200 WHERE PRODUCT_ID=2;

#DELETE A PRODUCT IF IT'S OUT OF STOCK
DELETE FROM PRODUCT WHERE STOCK= 0;

#RETRIEVE PRODUCT WHOSE PRICE BETWEEN 200 AND 2000
SELECT * FROM PRODUCT WHERE PRICE BETWEEN 200 AND 2000;

#RETRIEVE THE MOST EXPENSIVE USING MAX.
SELECT MAX(PRICE) AS EXPENSIVE FROM PRODUCT; 

#RETRIEVE THE MOST CHEAPEST USING MAX.
SELECT MIN(PRICE) AS CHEAPEST FROM PRODUCT;


#ORDER DETAIL TABLE
CREATE TABLE ORDER_DETAIL(
     ORDER_DETAIL_ID INT PRIMARY KEY,
     ORDER_ID INT ,
     PRODUCT_ID INT,
     QUANTITY INT,
     SUBTOTAL INT);
     
#INSERT AT LEAST 5 SAMPLE RECORD INTO THE ORDERDETAILS     
INSERT INTO ORDER_DETAIL (ORDER_DETAIL_ID, ORDER_ID, PRODUCT_ID, QUANTITY, SUBTOTAL) VALUES
(1, 101, 1, 1, 55000),
(2, 101, 2, 2, 1000),
(3, 102, 3, 1, 1200),
(4, 103, 1, 1, 55000),
(5, 104, 4, 3, 25500);

#RETRIEVE ALL ORDER DETAILS FOR A SPECIFIC ORDER_ID
SELECT * FROM ORDER_DETAIL WHERE ORDER_ID = 101;

#CALCULATE THE TOTAL REVENUE GENERATED FROM ALL ORDERS USING SUM.
SELECT SUM(SUBTOTAL) FROM ORDER_DETAIL WHERE ORDER_ID;

#RETRIEVE THE TOP 3 MOST ORDERED PRODUCT
SELECT * FROM ORDER_DETAIL ORDER BY PRODUCT_ID LIMIT 3;

#COUNT HOW MANY TIMES A SPECIFIC PRODUCT HAS BEEN SOLD USING COUNT
SELECT COUNT(PRODUCT_ID) FROM ORDER_DETAIL WHERE ORDER_ID=101;
